{"cameraMode":{"drawMode":0,"name":"Shaded","section":"Shading Mode"},"sceneLighting":true,"audioPlay":false,"sceneViewState":{"m_AlwaysRefresh":false,"showFog":true,"showSkybox":false,"showFlares":true,"showImageEffects":true,"showParticleSystems":true,"showVisualEffectGraphs":true,"m_FxEnabled":true},"in2DMode":false,"pivot":{"x":0.16800403594970704,"y":2.313603401184082,"z":-2.755423338385299e-7},"rotation":{"x":0.09067095071077347,"y":0.47537800669670107,"z":-0.04967828840017319,"w":0.8745372891426086},"size":0.8660253882408142,"orthographic":false}