{"cameraMode":{"drawMode":0,"name":"Shaded","section":"Shading Mode"},"sceneLighting":false,"audioPlay":false,"sceneViewState":{"m_AlwaysRefresh":false,"showFog":true,"showSkybox":false,"showFlares":true,"showImageEffects":true,"showParticleSystems":true,"showVisualEffectGraphs":true,"m_FxEnabled":true},"in2DMode":false,"pivot":{"x":0.1323028951883316,"y":0.33026739954948428,"z":-0.46544069051742556},"rotation":{"x":-0.26133471727371218,"y":-0.39837563037872317,"z":0.10425351560115814,"w":-0.873105525970459},"size":0.8137505054473877,"orthographic":false}