{"cameraMode":{"drawMode":0,"name":"Shaded","section":"Shading Mode"},"sceneLighting":false,"audioPlay":false,"sceneViewState":{"m_AlwaysRefresh":false,"showFog":true,"showSkybox":false,"showFlares":true,"showImageEffects":true,"showParticleSystems":true,"showVisualEffectGraphs":true,"m_FxEnabled":true},"in2DMode":false,"pivot":{"x":0.017437517642974855,"y":0.5391114950180054,"z":-0.03408253192901611},"rotation":{"x":0.04201117530465126,"y":0.0028984167147427799,"z":-0.0006320014363154769,"w":0.9998118877410889},"size":1.776565432548523,"orthographic":false}